,system_id,file_name,run_time,data_requirements,absolute_error_azimuth,absolute_error_tilt,issue,number_days
0,4,4_ac_power__315.csv,80.43217039108276,"['time_series', 'latitude', 'longitude']",0.41430250120058076,11.19271800171392,,1263
1,1331,1332_inv3_ac_power__2650.csv,49.27906894683838,"['time_series', 'latitude', 'longitude']",0.41037463891294124,22.443769662084847,"clipping, shading",727
2,1332,1332_inv1_ac_power__2642.csv,51.17948341369629,"['time_series', 'latitude', 'longitude']",8.667099711234641,15.096779131144405,snow,1099
3,1332,1332_inv2_ac_power__2646.csv,49.654431104660034,"['time_series', 'latitude', 'longitude']",,,snow,1263
4,1332,1332_inv_total_ac_power__2654.csv,36.74013662338257,"['time_series', 'latitude', 'longitude']",3.708569389261612,11.420865654345972,snow,697
5,1403,1403_ac_power__5034.csv,62.915255069732666,"['time_series', 'latitude', 'longitude']",0.18771768772498376,7.228502348856811,,675
6,1403,1403_inv1_ac_power__4207.csv,55.45541048049927,"['time_series', 'latitude', 'longitude']",0.12210760766015483,5.599629316047007,,1129
7,1403,1403_inv2_ac_power__4213.csv,55.89111065864563,"['time_series', 'latitude', 'longitude']",0.35480498489332035,5.869561643550455,,1135
8,4902,4902_ac_power_inv_14538.csv,55.570924043655396,"['time_series', 'latitude', 'longitude']",1.8476476042960428,3.0506890985858988,,1030
9,5016,5016_ac_power_inv_2086.csv,81.88263583183289,"['time_series', 'latitude', 'longitude']",3.7039704642718903,0.347782477587824,clipping,1478
10,5016,5016_ac_power_inv_2107.csv,77.24004435539246,"['time_series', 'latitude', 'longitude']",15.176702072486535,4.515093068973927,clipping,1478
11,5016,5016_ac_power_inv_2102.csv,76.26622271537781,"['time_series', 'latitude', 'longitude']",1.4181583617374542,0.45834665242770534,clipping,1478
12,5016,5016_ac_power_inv_2098.csv,74.57975220680237,"['time_series', 'latitude', 'longitude']",2.0798460136953736,0.13584235826781743,clipping,1478
13,5016,5016_ac_power_inv_2100.csv,71.924320936203,"['time_series', 'latitude', 'longitude']",3.1880467424321353,1.400059709166582,clipping,1478
14,5016,5016_ac_power_inv_2103.csv,78.52074980735779,"['time_series', 'latitude', 'longitude']",1.09625825120483,1.6741062880982724,clipping,1478
15,5057,5057_ac_power_inv_2236.csv,187.1871337890625,"['time_series', 'latitude', 'longitude']",4.134863848143823,1.4359626936342664,,3237
16,5061,5061_ac_power_inv_2270.csv,214.57569551467896,"['time_series', 'latitude', 'longitude']",5.092543120665226,6.641224113569347,clipping,3682
17,5061,5061_ac_power_inv_2269.csv,178.8279116153717,"['time_series', 'latitude', 'longitude']",8.204678595124676,6.656703766178012,clipping,3486
18,5070,5070_ac_power_inv_2293.csv,146.84006667137146,"['time_series', 'latitude', 'longitude']",31.48246438207967,1.8406788957890416,,3065
19,5070,5070_ac_power_inv_2292.csv,176.1664228439331,"['time_series', 'latitude', 'longitude']",10.023368486864172,0.16940328249395264,,3064
20,5081,5081_ac_power_inv_2321.csv,196.4062521457672,"['time_series', 'latitude', 'longitude']",10.384839081003719,1.352380501779317,clipping,3064
21,5099,5099_ac_power_inv_2358.csv,191.57604122161865,"['time_series', 'latitude', 'longitude']",6.218298900120828,1.754419899879105,clipping,2984
22,5099,5099_ac_power_inv_2357.csv,122.81897258758545,"['time_series', 'latitude', 'longitude']",5.705079914922351,0.903758695619894,clipping,2993
23,5114,5114_ac_power_inv_2397.csv,157.88907980918884,"['time_series', 'latitude', 'longitude']",5.185231495252054,1.750265620151854,clipping,2787
24,5114,5114_ac_power_inv_2405.csv,97.07818150520325,"['time_series', 'latitude', 'longitude']",7.258320417061611,0.8574130279325303,clipping,2787
25,5114,5114_ac_power_inv_2404.csv,140.6894247531891,"['time_series', 'latitude', 'longitude']",7.997704212123551,1.3233694110600052,clipping,2787
26,5114,5114_ac_power_inv_2401.csv,127.31053948402405,"['time_series', 'latitude', 'longitude']",4.548772521023153,1.2398705280508153,clipping,2787
27,5114,5114_ac_power_inv_2396.csv,160.28472113609314,"['time_series', 'latitude', 'longitude']",9.373339696943475,0.581016247805632,clipping,2787
28,5114,5114_ac_power_inv_2403.csv,133.90272617340088,"['time_series', 'latitude', 'longitude']",8.189534717536532,1.0790870114580002,clipping,2787
29,5129,5129_ac_power_inv_2496.csv,127.69111490249634,"['time_series', 'latitude', 'longitude']",2.877852385686964,1.0137035698998247,clipping,2710
30,5129,5129_ac_power_inv_2493.csv,105.10608983039856,"['time_series', 'latitude', 'longitude']",4.839898058407783,4.529813680104535,clipping,2710
31,5129,5129_ac_power_inv_2494.csv,144.2631983757019,"['time_series', 'latitude', 'longitude']",5.315136487537586,2.256001052333989,clipping,2697
32,5129,5129_ac_power_inv_2495.csv,148.63006281852722,"['time_series', 'latitude', 'longitude']",3.7562756676993274,0.7563178608057086,clipping,2696
33,5129,5129_ac_power_inv_2492.csv,129.99217534065247,"['time_series', 'latitude', 'longitude']",5.6062589355777845,2.0935963869786107,clipping,2696
34,5129,5129_ac_power_inv_2497.csv,136.01115107536316,"['time_series', 'latitude', 'longitude']",6.158236006380008,1.212036715579135,clipping,2710
35,5133,5133_ac_power_inv_2526.csv,166.55939888954163,"['time_series', 'latitude', 'longitude']",5.642033253258262,1.3426969893980303,,2657
36,5133,5133_ac_power_inv_2523.csv,125.07191133499146,"['time_series', 'latitude', 'longitude']",5.183183614711027,1.0593098779521046,,2657
37,5133,5133_ac_power_inv_2524.csv,100.8910460472107,"['time_series', 'latitude', 'longitude']",5.9999999881131885,1.1911038406791077,,2657
38,5138,5138_ac_power_inv_2543.csv,152.27928495407104,"['time_series', 'latitude', 'longitude']",5.15265338986606,0.7015347127567502,clipping,2706
39,5138,5138_ac_power_inv_2545.csv,120.66537427902222,"['time_series', 'latitude', 'longitude']",6.099739773106137,0.31298322800189293,clipping,2706
40,5138,5138_ac_power_inv_2546.csv,124.06284141540527,"['time_series', 'latitude', 'longitude']",4.909338612847193,0.43657933460943,clipping,2706
41,5138,5138_ac_power_inv_2544.csv,119.11530661582947,"['time_series', 'latitude', 'longitude']",8.912125013096102,0.9120367574290045,clipping,2706
42,5150,5150_ac_power_inv_2649.csv,145.07163071632385,"['time_series', 'latitude', 'longitude']",9.222120479195638,0.6941569699333776,clipping,2720
43,5150,5150_ac_power_inv_2642.csv,123.39553475379944,"['time_series', 'latitude', 'longitude']",9.038746621746242,0.4628622572218468,clipping,2722
44,5150,5150_ac_power_inv_2639.csv,111.95644044876099,"['time_series', 'latitude', 'longitude']",8.76495618348298,0.7575180362364726,clipping,2626
45,5150,5150_ac_power_inv_2640.csv,121.59077191352844,"['time_series', 'latitude', 'longitude']",8.81653534748608,0.3478713165116307,clipping,2719
46,5150,5150_ac_power_inv_2637.csv,116.71718907356262,"['time_series', 'latitude', 'longitude']",7.9999571598479235,0.5479824926090124,clipping,2719
47,5150,5150_ac_power_inv_2646.csv,122.3136556148529,"['time_series', 'latitude', 'longitude']",9.273655629495977,0.52418751420878,clipping,2719
48,5159,5159_ac_power_inv_2720.csv,149.85334753990173,"['time_series', 'latitude', 'longitude']",5.614876154932546,1.2110638901568578,clipping,2646
49,5159,5159_ac_power_inv_2717.csv,124.63160920143127,"['time_series', 'latitude', 'longitude']",5.884030042634237,0.03966975094902914,clipping,2629
50,5159,5159_ac_power_inv_2718.csv,120.65319013595581,"['time_series', 'latitude', 'longitude']",6.340502368861479,0.27834264321434965,clipping,2517
51,5159,5159_ac_power_inv_2716.csv,151.42906522750854,"['time_series', 'latitude', 'longitude']",7.743771703070109,0.7438926850676797,clipping,2563
52,5159,5159_ac_power_inv_2715.csv,154.43367862701416,"['time_series', 'latitude', 'longitude']",6.310473295467119,0.2394210170176585,clipping,2651
53,5162,5162_ac_power_inv_2770.csv,187.6245939731598,"['time_series', 'latitude', 'longitude']",3.100637535555478,1.362565116560706,clipping,2495
54,5162,5162_ac_power_inv_2759.csv,157.78068661689758,"['time_series', 'latitude', 'longitude']",2.0789503267380383,1.1962587499169839,clipping,2506
55,5162,5162_ac_power_inv_2762.csv,161.3972945213318,"['time_series', 'latitude', 'longitude']",2.8703246054415104,1.426833579499684,clipping,2506
56,5162,5162_ac_power_inv_2765.csv,202.32096767425537,"['time_series', 'latitude', 'longitude']",3.4252851044791726,1.5744996616865254,clipping,2481
57,5162,5162_ac_power_inv_2760.csv,200.57524061203003,"['time_series', 'latitude', 'longitude']",2.297461740237935,1.43955518509539,clipping,2502
58,5162,5162_ac_power_inv_2756.csv,203.83091115951538,"['time_series', 'latitude', 'longitude']",4.393378901812667,1.5282531339791507,clipping,2480
59,5184,5184_ac_power_inv_3059.csv,201.88739156723022,"['time_series', 'latitude', 'longitude']",8.005930922738287,1.128052899796149,clipping,2473
60,5184,5184_ac_power_inv_3051.csv,157.46527075767517,"['time_series', 'latitude', 'longitude']",7.332352168675328,2.0844326303020466,clipping,2492
61,5184,5184_ac_power_inv_3052.csv,174.10516381263733,"['time_series', 'latitude', 'longitude']",7.995739897793925,0.7415632811688546,clipping,2525
62,5196,5196_ac_power_inv_3163.csv,176.8453459739685,"['time_series', 'latitude', 'longitude']",13.00191162501929,1.2140073204847273,clipping,2519
63,5196,5196_ac_power_inv_3157.csv,156.47144222259521,"['time_series', 'latitude', 'longitude']",12.032999058189574,1.353537064646872,clipping,2512
64,5196,5196_ac_power_inv_3161.csv,159.9238142967224,"['time_series', 'latitude', 'longitude']",13.276457381027313,1.421393597847862,clipping,2518
65,5196,5196_ac_power_inv_3162.csv,147.80937218666077,"['time_series', 'latitude', 'longitude']",12.234185516674984,1.4267968213705622,clipping,2519
66,5196,5196_ac_power_inv_3160.csv,155.14640736579895,"['time_series', 'latitude', 'longitude']",13.089040503837907,1.1014559356211446,clipping,2505
67,5222,5222_ac_power_inv_3332.csv,161.18177580833435,"['time_series', 'latitude', 'longitude']",3.1294398756068063,2.0939280716653945,,2131
68,5222,5222_ac_power_inv_3335.csv,119.98200702667236,"['time_series', 'latitude', 'longitude']",4.955714462959122,2.044935084640742,,2131
69,5222,5222_ac_power_inv_3334.csv,103.781259059906,"['time_series', 'latitude', 'longitude']",1.953518844095811,1.9684887675531568,,2130
70,5222,5222_ac_power_inv_3333.csv,106.79517102241516,"['time_series', 'latitude', 'longitude']",4.999999999988972,1.913404287496446,,2130
71,5226,5226_ac_power_inv_3355.csv,53.39296627044678,"['time_series', 'latitude', 'longitude']",3.8053248126237804,3.433253893661618,"clipping, shading",821
72,5226,5226_ac_power_inv_3356.csv,41.67057704925537,"['time_series', 'latitude', 'longitude']",3.4130436810594063,3.127494511358357,"clipping, shading",821
73,5226,5226_ac_power_inv_3357.csv,46.471338510513306,"['time_series', 'latitude', 'longitude']",5.72112519727952,5.381003963296504,"clipping, shading",819
74,5226,5226_ac_power_inv_3358.csv,49.88880729675293,"['time_series', 'latitude', 'longitude']",3.342240554687578,3.2688752276490085,"clipping, shading",821
75,5226,5226_ac_power_inv_3359.csv,46.969030141830444,"['time_series', 'latitude', 'longitude']",4.111747389040687,0.029997689558452834,shading,821
76,5226,5226_ac_power_inv_3360.csv,49.10006809234619,"['time_series', 'latitude', 'longitude']",3.9801655773939046,3.301307233771901,"clipping, shading",820
77,5226,5226_ac_power_inv_3361.csv,51.108745098114014,"['time_series', 'latitude', 'longitude']",4.662637901682956,5.972041959376863,"clipping, shading",821
78,5226,5226_ac_power_inv_3362.csv,48.383397817611694,"['time_series', 'latitude', 'longitude']",3.7061577964670676,2.8281028092987697,"clipping, shading",821
79,5226,5226_ac_power_inv_3363.csv,50.01859521865845,"['time_series', 'latitude', 'longitude']",5.741794996689123,0.008424176520851034,"clipping, shading",821
80,5226,5226_ac_power_inv_3364.csv,49.319944620132446,"['time_series', 'latitude', 'longitude']",3.0185230036584585,3.4484372301220603,"clipping, shading",821
81,5231,5231_ac_power_inv_3391.csv,140.84309720993042,"['time_series', 'latitude', 'longitude']",103.99999999960299,4.173294455428424,"shading, clipping",2255
82,5231,5231_ac_power_inv_3392.csv,101.9830973148346,"['time_series', 'latitude', 'longitude']",23.484172321526444,0.21285844365186346,"shading, clipping",2254
83,5231,5231_ac_power_inv_3393.csv,128.32285904884338,"['time_series', 'latitude', 'longitude']",19.40735214725484,0.24147030225295563,"shading, clipping",2172
84,5231,5231_ac_power_inv_3394.csv,129.49484133720398,"['time_series', 'latitude', 'longitude']",20.1589546480661,0.7646410817446974,"shading, clipping",2153
85,5242,5242_ac_power_inv_3573.csv,109.75127220153809,"['time_series', 'latitude', 'longitude']",2.5660453867557464,1.5229673482632764,clipping,2002
86,5242,5242_ac_power_inv_3574.csv,79.51027607917786,"['time_series', 'latitude', 'longitude']",3.3006421404251682,1.9469831574607106,clipping,1748
87,5242,5242_ac_power_inv_3575.csv,96.13063406944275,"['time_series', 'latitude', 'longitude']",3.4893255394686093,0.4257135869413675,clipping,2000
88,5242,5242_ac_power_inv_3576.csv,107.87125444412231,"['time_series', 'latitude', 'longitude']",3.250357030373749,0.9911822693120822,clipping,1936
89,5242,5242_ac_power_inv_3577.csv,114.84236598014832,"['time_series', 'latitude', 'longitude']",1.873112455710725,0.6496009632655539,clipping,1989
90,5242,5242_ac_power_inv_3578.csv,106.68801403045654,"['time_series', 'latitude', 'longitude']",6.548114741016661,0.9342744098289337,clipping,1882
91,5242,5242_ac_power_inv_3579.csv,98.13728833198547,"['time_series', 'latitude', 'longitude']",0.49180459005441435,2.6795432055267376,clipping,1947
92,5242,5242_ac_power_inv_3580.csv,99.3751585483551,"['time_series', 'latitude', 'longitude']",0.5481373331936084,0.2731797576751793,clipping,1848
93,5242,5242_ac_power_inv_3581.csv,102.28887867927551,"['time_series', 'latitude', 'longitude']",2.3066434504152085,0.5019857250225206,clipping,1992
94,5242,5242_ac_power_inv_3582.csv,101.02946901321411,"['time_series', 'latitude', 'longitude']",8.123083056371598,1.1653344134164048,clipping,1985
95,5242,5242_ac_power_inv_3583.csv,99.17595624923706,"['time_series', 'latitude', 'longitude']",1.8958730390383778,0.6372476637515572,clipping,2006
96,5242,5242_ac_power_inv_3584.csv,116.80338740348816,"['time_series', 'latitude', 'longitude']",4.487180296228871,0.3204307285373176,clipping,2000
97,5242,5242_ac_power_inv_3585.csv,96.12779688835144,"['time_series', 'latitude', 'longitude']",19.066916609052157,0.10396453138393635,clipping,1944
98,5242,5242_ac_power_inv_3586.csv,100.01681661605835,"['time_series', 'latitude', 'longitude']",2.1669893909917164,0.44879384383709464,clipping,1991
99,5242,5242_ac_power_inv_3587.csv,85.55053806304932,"['time_series', 'latitude', 'longitude']",12.513206341957186,1.9780727650671768,clipping,1881
100,5242,5242_ac_power_inv_3588.csv,79.42811465263367,"['time_series', 'latitude', 'longitude']",2.4779470163938413,0.19143356460771344,clipping,1890
101,5242,5242_ac_power_inv_3589.csv,93.9759316444397,"['time_series', 'latitude', 'longitude']",1.7416647609343272,0.23280177324834384,clipping,1847
102,5242,5242_ac_power_inv_3590.csv,94.65512156486511,"['time_series', 'latitude', 'longitude']",0.006213961841922355,0.24636359277576858,clipping,2001
103,5242,5242_ac_power_inv_3591.csv,91.45619630813599,"['time_series', 'latitude', 'longitude']",3.522042881558349,0.6354611295851296,clipping,2002
104,5242,5242_ac_power_inv_3592.csv,89.38285875320435,"['time_series', 'latitude', 'longitude']",0.02699028602600606,3.1633729815855247,clipping,2007
105,5242,5242_ac_power_inv_3593.csv,83.40526604652405,"['time_series', 'latitude', 'longitude']",2.9358448361672913,1.1262599534398792,clipping,1998
106,5242,5242_ac_power_inv_3594.csv,68.55236721038818,"['time_series', 'latitude', 'longitude']",4.655688504677784,0.5139325700045418,clipping,1951
107,5242,5242_ac_power_inv_3595.csv,69.74549555778503,"['time_series', 'latitude', 'longitude']",16.009891114906566,1.4144012452712502,clipping,1994
108,5242,5242_ac_power_inv_3596.csv,65.23384761810303,"['time_series', 'latitude', 'longitude']",5.665271305414905,0.900761299749055,clipping,1987
109,5242,5242_ac_power_inv_3597.csv,76.14386296272278,"['time_series', 'latitude', 'longitude']",3.422557711468812,0.6226524303203682,clipping,2005
110,5242,5242_ac_power_inv_3598.csv,70.98840689659119,"['time_series', 'latitude', 'longitude']",4.262921926554327,0.5581287757416735,clipping,1971
111,5242,5242_ac_power_inv_3599.csv,69.77987623214722,"['time_series', 'latitude', 'longitude']",0.10196315385968546,3.347844684014854,clipping,1940
112,5257,5257_ac_power_inv_3746.csv,74.56441760063171,"['time_series', 'latitude', 'longitude']",22.20241982739725,1.9261971495852475,"soiling, clipping",1693
113,5257,5257_ac_power_inv_3747.csv,60.153454542160034,"['time_series', 'latitude', 'longitude']",22.32471449300465,2.2038407608837733,"soiling, clipping",1699
114,5257,5257_ac_power_inv_3748.csv,59.71600008010864,"['time_series', 'latitude', 'longitude']",25.498618023211804,1.991952785319608,"soiling, clipping",1698
115,5257,5257_ac_power_inv_3749.csv,69.55239486694336,"['time_series', 'latitude', 'longitude']",13.923210714856452,2.7723920771196298,"soiling, clipping",1702
116,5257,5257_ac_power_inv_3750.csv,73.94275999069214,"['time_series', 'latitude', 'longitude']",24.05255842848925,2.21378320899161,"soiling, clipping",1703
117,5257,5257_ac_power_inv_3751.csv,57.15542936325073,"['time_series', 'latitude', 'longitude']",18.430776621287407,1.932856024861712,"soiling, clipping",1691
118,5257,5257_ac_power_inv_3752.csv,64.99402141571045,"['time_series', 'latitude', 'longitude']",31.999999967665474,1.6656928390364012,"soiling, clipping",1695
119,5257,5257_ac_power_inv_3753.csv,58.64002466201782,"['time_series', 'latitude', 'longitude']",21.87646088846077,2.2682320017412136,"soiling, clipping",1699
120,5257,5257_ac_power_inv_3754.csv,59.79195785522461,"['time_series', 'latitude', 'longitude']",22.65821726562507,2.3606885185577218,"soiling, clipping",1704
121,5257,5257_ac_power_inv_3755.csv,54.90432357788086,"['time_series', 'latitude', 'longitude']",21.361383182314,2.2673816908590725,"soiling, clipping",1695
122,5257,5257_ac_power_inv_3756.csv,66.94706010818481,"['time_series', 'latitude', 'longitude']",26.605297474462702,2.2293468268047167,"soiling, clipping",1698
123,5257,5257_ac_power_inv_3757.csv,60.5252423286438,"['time_series', 'latitude', 'longitude']",21.971963108515865,2.2047535403826117,"soiling, clipping",1695
124,5257,5257_ac_power_inv_3758.csv,62.85453987121582,"['time_series', 'latitude', 'longitude']",20.939185380434367,2.254964539764421,"soiling, clipping",1695
125,5257,5257_ac_power_inv_3759.csv,61.889387130737305,"['time_series', 'latitude', 'longitude']",30.32495288843893,1.9257523167526926,"soiling, clipping",1703
126,5257,5257_ac_power_inv_3760.csv,88.41529607772827,"['time_series', 'latitude', 'longitude']",22.434662981782367,2.198449470951653,"soiling, clipping",1693
127,5257,5257_ac_power_inv_3761.csv,75.44487690925598,"['time_series', 'latitude', 'longitude']",22.64963867485625,2.297597625275958,soiling,1705
128,5257,5257_ac_power_inv_3762.csv,66.2422297000885,"['time_series', 'latitude', 'longitude']",31.999999999999943,1.2843521306516053,"soiling, clipping",1703
129,5257,5257_ac_power_inv_3763.csv,65.0823745727539,"['time_series', 'latitude', 'longitude']",15.99151644428855,2.871653983652288,soiling,1705
130,5257,5257_ac_power_inv_3764.csv,78.24522018432617,"['time_series', 'latitude', 'longitude']",22.655088023765302,2.3299108131910167,"soiling, clipping",1693
131,5273,5273_ac_power_inv_5975.csv,97.47949981689453,"['time_series', 'latitude', 'longitude']",11.116373862473665,0.15856079021760383,clipping,1819
132,5273,5273_ac_power_inv_5973.csv,80.29103469848633,"['time_series', 'latitude', 'longitude']",13.189049305277479,0.855210479586896,clipping,1950
133,5273,5273_ac_power_inv_5974.csv,77.44027161598206,"['time_series', 'latitude', 'longitude']",13.328487459522734,0.9055743805102665,clipping,1950
134,5273,5273_ac_power_inv_5972.csv,73.58816123008728,"['time_series', 'latitude', 'longitude']",14.06012258254799,0.7067567654107751,clipping,1950
135,5273,5273_ac_power_inv_5971.csv,74.55973839759827,"['time_series', 'latitude', 'longitude']",15.06710318822482,0.020159339969798573,clipping,1950
136,5291,5291_ac_power_inv_4104.csv,90.50590372085571,"['time_series', 'latitude', 'longitude']",14.690079477339452,0.7102050104664333,"soiling, clipping",1959
137,5291,5291_ac_power_inv_4105.csv,69.62950110435486,"['time_series', 'latitude', 'longitude']",8.511333956423812,0.7305143516615527,"soiling, clipping",1957
138,5291,5291_ac_power_inv_4106.csv,71.2887532711029,"['time_series', 'latitude', 'longitude']",9.824870178412255,0.22188786067877064,"soiling, clipping",1959
139,5291,5291_ac_power_inv_4107.csv,70.77301788330078,"['time_series', 'latitude', 'longitude']",12.044496950419926,1.7179355054932728,"soiling, clipping",1929
140,5291,5291_ac_power_inv_4108.csv,67.75046873092651,"['time_series', 'latitude', 'longitude']",9.280488468241543,0.32674504540552807,"soiling, clipping",1959
141,5297,5297_ac_power_inv_4176.csv,68.95422625541687,"['time_series', 'latitude', 'longitude']",4.656384452758346,1.158082472913403,clipping,1219
142,5297,5297_ac_power_inv_4177.csv,60.04184293746948,"['time_series', 'latitude', 'longitude']",4.140987720584661,3.195801437626038,clipping,1211
143,5297,5297_ac_power_inv_4178.csv,54.17657017707825,"['time_series', 'latitude', 'longitude']",5.7642123886782315,0.9178258905035825,clipping,1217
144,5308,5308_ac_power_inv_4258.csv,58.152140617370605,"['time_series', 'latitude', 'longitude']",5.183409540377909,0.22010510729581867,clipping,1144
145,5308,5308_ac_power_inv_4259.csv,47.87110471725464,"['time_series', 'latitude', 'longitude']",5.6708417937145725,0.16643055049803124,clipping,1144
146,5308,5308_ac_power_inv_4260.csv,45.154635190963745,"['time_series', 'latitude', 'longitude']",4.504479737381331,0.11688354962589642,clipping,1144
147,5308,5308_ac_power_inv_4261.csv,50.529869079589844,"['time_series', 'latitude', 'longitude']",4.679251838051243,0.5504094587848769,clipping,1144
148,5308,5308_ac_power_inv_4262.csv,54.92078375816345,"['time_series', 'latitude', 'longitude']",3.8382884436402094,0.37760994714627927,clipping,1116
149,5308,5308_ac_power_inv_4263.csv,153.42910146713257,"['time_series', 'latitude', 'longitude']",4.853515341355234,0.6259172096788816,clipping,1144
150,5308,5308_ac_power_inv_4264.csv,61.99033570289612,"['time_series', 'latitude', 'longitude']",3.821571596272804,0.1610893931063444,clipping,1144
151,5308,5308_ac_power_inv_4265.csv,64.21804881095886,"['time_series', 'latitude', 'longitude']",4.081603097805413,0.04511543011286179,clipping,1144
152,5308,5308_ac_power_inv_4266.csv,59.07008981704712,"['time_series', 'latitude', 'longitude']",3.7287255909213,0.7525184274047589,clipping,1116
153,5308,5308_ac_power_inv_4267.csv,61.13820815086365,"['time_series', 'latitude', 'longitude']",3.718874185966797,0.6376176799365645,clipping,1144
154,5308,5308_ac_power_inv_4268.csv,60.395575523376465,"['time_series', 'latitude', 'longitude']",4.125158380310637,0.4274914340155789,clipping,1144
155,5308,5308_ac_power_inv_4269.csv,62.12601971626282,"['time_series', 'latitude', 'longitude']",3.601176776491741,2.106661486635918,clipping,1144
156,5308,5308_ac_power_inv_4270.csv,64.67253732681274,"['time_series', 'latitude', 'longitude']",3.891315079261318,0.5066837823523933,clipping,1144
157,5308,5308_ac_power_inv_4271.csv,63.332255125045776,"['time_series', 'latitude', 'longitude']",4.345182680764339,0.09334724774141989,clipping,1129
158,5308,5308_ac_power_inv_4272.csv,65.63335919380188,"['time_series', 'latitude', 'longitude']",5.551028845705815,1.0477393874020073,clipping,1144
159,5308,5308_ac_power_inv_4273.csv,58.68980288505554,"['time_series', 'latitude', 'longitude']",3.5898909971667194,0.15448562921922004,clipping,1116
160,5308,5308_ac_power_inv_4274.csv,56.199267625808716,"['time_series', 'latitude', 'longitude']",3.196635211871893,0.23077071453593945,clipping,1116
161,5308,5308_ac_power_inv_4275.csv,48.68574070930481,"['time_series', 'latitude', 'longitude']",3.3079227813023806,0.6669703771844269,clipping,1116
162,5308,5308_ac_power_inv_4276.csv,54.4915509223938,"['time_series', 'latitude', 'longitude']",3.8068570310582857,0.1367049211273219,clipping,1138
163,5308,5308_ac_power_inv_4277.csv,55.15413689613342,"['time_series', 'latitude', 'longitude']",4.555517561104239,0.45033068939329723,clipping,1136
164,5308,5308_ac_power_inv_4278.csv,49.978073596954346,"['time_series', 'latitude', 'longitude']",4.417992085978966,0.40499295747843433,clipping,1144
165,5308,5308_ac_power_inv_4279.csv,48.255152225494385,"['time_series', 'latitude', 'longitude']",3.86556294312183,0.6287424613769055,clipping,1144
166,5308,5308_ac_power_inv_4280.csv,47.90186381340027,"['time_series', 'latitude', 'longitude']",4.9933049758556365,0.15887549658295086,clipping,1144
167,5308,5308_ac_power_inv_4281.csv,44.56301760673523,"['time_series', 'latitude', 'longitude']",3.6268528710981798,0.48412402555405265,clipping,1115
168,5308,5308_ac_power_inv_4282.csv,44.6439950466156,"['time_series', 'latitude', 'longitude']",5.25638782358962,0.6510642356450269,clipping,1116
169,5308,5308_ac_power_inv_4283.csv,45.92968225479126,"['time_series', 'latitude', 'longitude']",4.489813368254829,0.009549392745430652,clipping,1144
170,5308,5308_ac_power_inv_4284.csv,49.45566177368164,"['time_series', 'latitude', 'longitude']",3.093511606260904,0.03760735574573104,clipping,1116
171,5308,5308_ac_power_inv_4285.csv,47.8875470161438,"['time_series', 'latitude', 'longitude']",4.8157190727369255,0.6354684673589155,clipping,1144
172,5308,5308_ac_power_inv_4286.csv,43.57163119316101,"['time_series', 'latitude', 'longitude']",4.908698283056793,0.14555542955148582,clipping,1144
173,5308,5308_ac_power_inv_4287.csv,46.33873105049133,"['time_series', 'latitude', 'longitude']",3.3888234951789116,0.41495004031743576,clipping,1116
174,5318,5318_ac_power_inv_6240.csv,117.699871301651,"['time_series', 'latitude', 'longitude']",16.070584446862966,2.439392307022178,clipping,2360
175,5318,5318_ac_power_inv_6236.csv,80.38912272453308,"['time_series', 'latitude', 'longitude']",10.30731945553643,3.0854692518330786,clipping,2348
176,5318,5318_ac_power_inv_6232.csv,89.95188927650452,"['time_series', 'latitude', 'longitude']",10.022503561880683,1.0205765822435424,clipping,2308
177,5318,5318_ac_power_inv_6233.csv,101.92476987838745,"['time_series', 'latitude', 'longitude']",11.429494567480049,1.4050682647876584,clipping,2348
178,5318,5318_ac_power_inv_6226.csv,95.2160484790802,"['time_series', 'latitude', 'longitude']",11.878056595241219,2.0452221630775007,clipping,2360
179,5318,5318_ac_power_inv_6244.csv,89.12902116775513,"['time_series', 'latitude', 'longitude']",13.408279309905794,0.31255617873049246,clipping,2361
180,5324,5324_ac_power_inv_4531.csv,81.93305659294128,"['time_series', 'latitude', 'longitude']",4.999999999999943,1.4622601166491007,clipping,1643
181,5324,5324_ac_power_inv_4532.csv,64.62403106689453,"['time_series', 'latitude', 'longitude']",4.999999999999943,1.622520761045104,clipping,1643
182,5324,5324_ac_power_inv_4533.csv,65.30908513069153,"['time_series', 'latitude', 'longitude']",4.999999993211475,1.2798554925569308,clipping,1643
183,5324,5324_ac_power_inv_4530.csv,68.14539837837219,"['time_series', 'latitude', 'longitude']",4.999999999999943,1.7156238976009792,clipping,1658
184,5328,5328_ac_power_inv_4559.csv,79.82903289794922,"['time_series', 'latitude', 'longitude']",4.999999999999943,1.5105000375635802,clipping,1658
185,5328,5328_ac_power_inv_4560.csv,62.75508117675781,"['time_series', 'latitude', 'longitude']",4.999999999999943,1.3228385427867693,clipping,1658
186,5328,5328_ac_power_inv_4561.csv,60.945048809051514,"['time_series', 'latitude', 'longitude']",4.999999999999943,1.3402813314119761,clipping,1658
187,5329,5329_ac_power_inv_4562.csv,69.88105154037476,"['time_series', 'latitude', 'longitude']",4.999999995346258,0.6622694393821096,clipping,1672
188,5329,5329_ac_power_inv_4563.csv,59.8199782371521,"['time_series', 'latitude', 'longitude']",4.999999998623821,0.25507399422916954,clipping,1662
189,5329,5329_ac_power_inv_4564.csv,59.49180817604065,"['time_series', 'latitude', 'longitude']",4.999999995565702,0.24552895330525892,clipping,1664
190,5329,5329_ac_power_inv_4565.csv,58.971506118774414,"['time_series', 'latitude', 'longitude']",4.999999999999986,0.6687626916673572,clipping,1663
191,5329,5329_ac_power_inv_4566.csv,55.79951453208923,"['time_series', 'latitude', 'longitude']",4.999999999211781,0.7773800345150725,clipping,1671
192,5329,5329_ac_power_inv_4567.csv,55.0917489528656,"['time_series', 'latitude', 'longitude']",4.999999999999986,0.21560153481120015,clipping,1672
193,5335,5335_ac_power_inv_4625.csv,63.95827007293701,"['time_series', 'latitude', 'longitude']",14.272568744370915,0.8497536103810939,clipping,1670
194,5335,5335_ac_power_inv_4626.csv,53.26582980155945,"['time_series', 'latitude', 'longitude']",12.550461525553317,0.8420763244827647,clipping,1670
195,5335,5335_ac_power_inv_4627.csv,55.04631495475769,"['time_series', 'latitude', 'longitude']",11.156080401566527,1.0595249807272387,clipping,1670
196,5335,5335_ac_power_inv_4628.csv,53.211806535720825,"['time_series', 'latitude', 'longitude']",10.2666747553765,1.0426055122339921,clipping,1670
197,5342,5342_ac_power_inv_4684.csv,66.87067437171936,"['time_series', 'latitude', 'longitude']",12.924328090852242,2.543336954358776,clipping,1728
198,5342,5342_ac_power_inv_4685.csv,54.15060210227966,"['time_series', 'latitude', 'longitude']",4.201547221927655,0.00453410731077053,clipping,1728
199,5342,5342_ac_power_inv_4686.csv,55.60499596595764,"['time_series', 'latitude', 'longitude']",1.578806158989238,1.5546844920602512,clipping,1728
200,5342,5342_ac_power_inv_4687.csv,52.41673183441162,"['time_series', 'latitude', 'longitude']",13.30141641932039,1.7267610785000418,clipping,1728
201,5342,5342_ac_power_inv_4688.csv,52.409626483917236,"['time_series', 'latitude', 'longitude']",1.1606393226037142,0.5347640345891067,clipping,1728
202,5342,5342_ac_power_inv_4689.csv,53.664369106292725,"['time_series', 'latitude', 'longitude']",7.679794783155302,3.0850623518213407,clipping,1728
203,5342,5342_ac_power_inv_4690.csv,49.69515419006348,"['time_series', 'latitude', 'longitude']",7.382790751489807,2.87658277787136,clipping,1728
204,5342,5342_ac_power_inv_4691.csv,65.84862327575684,"['time_series', 'latitude', 'longitude']",16.074824835251093,3.366533897688395,clipping,1728
205,5342,5342_ac_power_inv_4692.csv,67.36614394187927,"['time_series', 'latitude', 'longitude']",13.284583997524152,2.8083167652801,clipping,1728
206,5342,5342_ac_power_inv_4693.csv,66.26877284049988,"['time_series', 'latitude', 'longitude']",32.58506230357838,2.987622116210849,clipping,1728
207,5342,5342_ac_power_inv_4694.csv,64.26607537269592,"['time_series', 'latitude', 'longitude']",2.2756864765997307,0.12632480121872636,clipping,1728
208,5342,5342_ac_power_inv_4695.csv,67.49402022361755,"['time_series', 'latitude', 'longitude']",0.2224832736238227,0.5792894033048661,clipping,1728
209,5342,5342_ac_power_inv_4696.csv,68.9017961025238,"['time_series', 'latitude', 'longitude']",46.902429355024424,3.6063195211063666,clipping,1728
210,5342,5342_ac_power_inv_4697.csv,69.00336766242981,"['time_series', 'latitude', 'longitude']",8.585010096258713,1.9293546653497922,clipping,1728
211,5342,5342_ac_power_inv_4698.csv,61.023082971572876,"['time_series', 'latitude', 'longitude']",4.603610072141095,2.4842900985079055,clipping,1728
212,5342,5342_ac_power_inv_4699.csv,59.86010956764221,"['time_series', 'latitude', 'longitude']",5.406823711385414,0.8565633926960281,clipping,1539
213,5342,5342_ac_power_inv_4700.csv,63.25071692466736,"['time_series', 'latitude', 'longitude']",0.8445148125538253,1.2366328526393957,clipping,1728
214,5342,5342_ac_power_inv_4701.csv,62.01900887489319,"['time_series', 'latitude', 'longitude']",8.827941600095443,1.8417695540045198,clipping,1728
215,5342,5342_ac_power_inv_4702.csv,59.41393804550171,"['time_series', 'latitude', 'longitude']",7.543840575357393,3.0577869303224823,clipping,1728
216,5342,5342_ac_power_inv_4703.csv,66.25821423530579,"['time_series', 'latitude', 'longitude']",3.575012919167051,2.120879238537694,clipping,1728
217,5342,5342_ac_power_inv_4704.csv,73.38120150566101,"['time_series', 'latitude', 'longitude']",1.3848494392340172,1.5638193719074271,clipping,1728
218,5342,5342_ac_power_inv_4705.csv,66.63409757614136,"['time_series', 'latitude', 'longitude']",10.095206722815362,2.428829426868142,clipping,1728
219,5342,5342_ac_power_inv_4706.csv,61.7687611579895,"['time_series', 'latitude', 'longitude']",2.193470997058796,2.193468076343721,clipping,1728
220,5342,5342_ac_power_inv_4707.csv,62.75631260871887,"['time_series', 'latitude', 'longitude']",3.8518983758113734,2.1368396268136998,clipping,1728
221,5345,5345_ac_power_inv_4727.csv,75.56456923484802,"['time_series', 'latitude', 'longitude']",4.999999994225391,0.9993136374866802,clipping,1758
222,5345,5345_ac_power_inv_4724.csv,63.11789035797119,"['time_series', 'latitude', 'longitude']",4.999999998946407,1.1954693192339612,clipping,1758
223,5345,5345_ac_power_inv_4722.csv,64.21788477897644,"['time_series', 'latitude', 'longitude']",4.5371954322015995,1.2148219034042063,clipping,1730
224,5345,5345_ac_power_inv_4726.csv,63.16872453689575,"['time_series', 'latitude', 'longitude']",1.9501133215504751,1.2677871048244267,clipping,1758
225,5345,5345_ac_power_inv_4721.csv,62.05919861793518,"['time_series', 'latitude', 'longitude']",4.589451999815083,1.3181443187482005,clipping,1758
226,5348,5348_ac_power_inv_4734.csv,73.9679925441742,"['time_series', 'latitude', 'longitude']",4.999999983067198,3.530300780303415,clipping,1766
227,5348,5348_ac_power_inv_4735.csv,60.15260052680969,"['time_series', 'latitude', 'longitude']",79.15337838150208,4.018075958245209,clipping,1767
228,5354,5354_ac_power_inv_4791.csv,70.44536805152893,"['time_series', 'latitude', 'longitude']",10.228976192103374,0.13113092488220435,clipping,1730
229,5354,5354_ac_power_inv_4792.csv,56.26349663734436,"['time_series', 'latitude', 'longitude']",12.812872588201003,1.1645165820863834,clipping,1730
230,5354,5354_ac_power_inv_4793.csv,56.641937017440796,"['time_series', 'latitude', 'longitude']",9.713607280491487,0.08020361485367467,clipping,1730
231,5354,5354_ac_power_inv_4794.csv,53.62840986251831,"['time_series', 'latitude', 'longitude']",12.081915418922222,0.11026794050533528,,1730
232,5354,5354_ac_power_inv_4795.csv,56.49411630630493,"['time_series', 'latitude', 'longitude']",11.665011389619195,0.018851623027737574,clipping,1730
233,5354,5354_ac_power_inv_4796.csv,55.262749671936035,"['time_series', 'latitude', 'longitude']",12.612411673504454,0.365072783697558,clipping,1730
234,5354,5354_ac_power_inv_4797.csv,55.01122975349426,"['time_series', 'latitude', 'longitude']",13.330755488867453,0.6782864510335962,clipping,1730
235,5354,5354_ac_power_inv_4798.csv,54.15527844429016,"['time_series', 'latitude', 'longitude']",11.73433661462039,1.3768992278706857,clipping,1714
236,5354,5354_ac_power_inv_4799.csv,54.285069704055786,"['time_series', 'latitude', 'longitude']",10.91568828362611,1.2569416137950125,clipping,1718
237,5354,5354_ac_power_inv_4800.csv,55.257723331451416,"['time_series', 'latitude', 'longitude']",11.89779093878056,0.27588877874507123,clipping,1730
238,5354,5354_ac_power_inv_4801.csv,55.39064359664917,"['time_series', 'latitude', 'longitude']",15.672829380859667,0.8483970003545043,clipping,1730
239,5354,5354_ac_power_inv_4802.csv,54.96735191345215,"['time_series', 'latitude', 'longitude']",11.25467549917434,0.6756940781951943,clipping,1730
240,5354,5354_ac_power_inv_4803.csv,55.3869571685791,"['time_series', 'latitude', 'longitude']",10.82477934348492,0.3893862017052365,clipping,1730
241,5354,5354_ac_power_inv_4804.csv,53.62745904922485,"['time_series', 'latitude', 'longitude']",6.015351164335414,0.9444576515995786,clipping,1730
242,5354,5354_ac_power_inv_4805.csv,53.58472776412964,"['time_series', 'latitude', 'longitude']",18.407395746507802,2.0312915851165485,clipping,1730
243,5363,5363_ac_power_inv_6395.csv,74.94799160957336,"['time_series', 'latitude', 'longitude']",3.1531333580829823,1.6694105363147287,clipping,1777
244,5363,5363_ac_power_inv_6389.csv,60.96367692947388,"['time_series', 'latitude', 'longitude']",2.9832670731303494,1.478305564911187,clipping,1777
245,5363,5363_ac_power_inv_6386.csv,60.812947034835815,"['time_series', 'latitude', 'longitude']",3.6774034894627334,1.3372965092986195,clipping,1777
246,5363,5363_ac_power_inv_6394.csv,60.899070739746094,"['time_series', 'latitude', 'longitude']",2.897511316176491,1.4494780414530073,clipping,1777
247,5363,5363_ac_power_inv_6387.csv,60.27255988121033,"['time_series', 'latitude', 'longitude']",3.9820926214039503,1.2374307627208143,clipping,1777
248,5363,5363_ac_power_inv_6390.csv,60.759284019470215,"['time_series', 'latitude', 'longitude']",2.896898736530858,1.5904753336227326,clipping,1777
249,5372,5372_ac_power_inv_4955.csv,66.29720163345337,"['time_series', 'latitude', 'longitude']",6.511194003191235,1.6152531254922575,clipping,1778
250,5372,5372_ac_power_inv_4956.csv,54.40904712677002,"['time_series', 'latitude', 'longitude']",5.907348209389369,1.5168211275841745,clipping,1779
251,5372,5372_ac_power_inv_4957.csv,53.979777574539185,"['time_series', 'latitude', 'longitude']",8.692281802304194,0.6293058671115777,clipping,1778
252,5372,5372_ac_power_inv_4958.csv,55.2845094203949,"['time_series', 'latitude', 'longitude']",3.5994426309388814,0.7989542808190571,clipping,1778
253,5372,5372_ac_power_inv_4959.csv,56.64683294296265,"['time_series', 'latitude', 'longitude']",6.0616581897565425,1.3843893594204335,clipping,1779
254,5372,5372_ac_power_inv_4960.csv,55.20527410507202,"['time_series', 'latitude', 'longitude']",5.2999566331194785,1.329327121468987,clipping,1779
255,5375,5375_ac_power_inv_6304.csv,64.15290427207947,"['time_series', 'latitude', 'longitude']",11.451941737461595,2.2843511252387962,clipping,1485
256,5375,5375_ac_power_inv_6343.csv,50.83920741081238,"['time_series', 'latitude', 'longitude']",7.441219176230959,1.1023743117694522,clipping,1422
257,5375,5375_ac_power_inv_6309.csv,54.792431354522705,"['time_series', 'latitude', 'longitude']",10.59383073542341,1.2470501034390935,clipping,1485
258,5375,5375_ac_power_inv_6358.csv,51.59808588027954,"['time_series', 'latitude', 'longitude']",8.555525962406307,0.4109130534766585,clipping,1498
259,5375,5375_ac_power_inv_6327.csv,51.51808977127075,"['time_series', 'latitude', 'longitude']",7.931775216993202,0.7988714254995912,clipping,1485
260,5375,5375_ac_power_inv_6308.csv,52.55657601356506,"['time_series', 'latitude', 'longitude']",11.099093560133639,1.4733653621420864,clipping,1485
261,5377,5377_ac_power_inv_5055.csv,66.96972727775574,"['time_series', 'latitude', 'longitude']",3.7631522326659876,1.9398975897624808,"shading, clipping",1676
262,5377,5377_ac_power_inv_5056.csv,52.56213712692261,"['time_series', 'latitude', 'longitude']",33.66967470852333,3.880933517122971,"shading, clipping",1676
263,5377,5377_ac_power_inv_5057.csv,53.915533781051636,"['time_series', 'latitude', 'longitude']",2.911624673005605,0.553237699080448,"shading, clipping",1677
264,5377,5377_ac_power_inv_5058.csv,52.5208420753479,"['time_series', 'latitude', 'longitude']",2.8655066875979003,0.2667653253290645,"shading, clipping",1658
265,5377,5377_ac_power_inv_5059.csv,52.791033029556274,"['time_series', 'latitude', 'longitude']",20.05655479164966,1.9644669105513213,"shading, clipping",1676
266,5377,5377_ac_power_inv_5060.csv,52.32690358161926,"['time_series', 'latitude', 'longitude']",16.63937721966097,3.028402239778959,shading,1674
267,5377,5377_ac_power_inv_5061.csv,52.60849976539612,"['time_series', 'latitude', 'longitude']",1.5958257196400893,0.8873890861320302,"shading, clipping",1677
268,5377,5377_ac_power_inv_5062.csv,38.41834259033203,"['time_series', 'latitude', 'longitude']",6.861724038024647,1.5848894215327576,"shading, clipping",1677
269,5379,5379_ac_power_inv_5070.csv,64.84774541854858,"['time_series', 'latitude', 'longitude']",0.0998398498820734,1.4626024447664205,clipping,1624
270,5379,5379_ac_power_inv_5071.csv,55.55425190925598,"['time_series', 'latitude', 'longitude']",4.1365219506223525,1.7126910454548794,clipping,1625
271,5379,5379_ac_power_inv_5072.csv,53.20955514907837,"['time_series', 'latitude', 'longitude']",1.5186994520368557,1.6642177765259154,clipping,1625
272,5458,5458_ac_power_inv_6986.csv,50.100234031677246,"['time_series', 'latitude', 'longitude']",0.6481457789243166,0.7610572285908663,,1261
273,5458,5458_ac_power_inv_6985.csv,41.73290395736694,"['time_series', 'latitude', 'longitude']",1.294104421095767,2.0045411741357597,clipping,1257
274,5458,5458_ac_power_inv_6984.csv,40.60497999191284,"['time_series', 'latitude', 'longitude']",0.7173854701394191,1.1272244826708882,clipping,1261
